item_id,merchant_id,restaurant_name,base_name,proposed_ru_name,existing_ru_name,existing_tk_name,proposed_en_name,proposed_tk_name,name_notes,base_short_description,proposed_ru_short_description,existing_ru_short_description,existing_tk_short_description,proposed_en_short_description,proposed_tk_short_description,short_description_notes
1,1,FIRE IT UP!,Люля кебаб,Люля-кебаб,,,Lula kebab,Lula kebab,language-tool:name | Эти слова должны быть написаны через дефис.,"Фарш из говядины, лук, зелень","Фарш из говядины, лук, зелень",,,"Minced beef, onion, greens","Ownuk sygyr eti, sogan, gök önümler",
2,2,Pizza &amp; Wing,Маргарита,Маргарита,,,Margarita,Margarita,,"Тесто для пиццы, красный соус, моцарелла, базилик, ароматное масло","Тесто для пиццы, красный соус, моцарелла, базилик, ароматное масло",,,"Pizza dough, red sauce, mozzarella, basil, aromatic oil","Pitsa hamyry, gyzyl sous, mozarella, reyhan, ysly ýag",
3,1,FIRE IT UP!,Дымок,Дымок,,,Smoke,Tüsse,,"Баклажан, помидор, перец болгарский, лук репчатый, чеснок, уксус, масло растительное, соль, зелень","Баклажан, помидор, перец болгарский, лук репчатый, чеснок, уксус, масло растительное, соль, зелень",,,"Eggplant, tomato, bell pepper, onion, garlic, vinegar, vegetable oil, salt, herbs","Bägül, pomidor, jaň burç, sogan, sarymsak, sirke, ösümlik ýagy, duz, otlar",
4,1,FIRE IT UP!,Баклажан,Баклажан,,,Eggplant,Bägül,,Жареный на мангале Баклажан,Жаренный на мангале Баклажан,,,Grilled Eggplant,Gril baklajan,"language-tool:short_description | Причастие пишется с «нн», есть зависимые слова: «Жаренный»"
5,1,FIRE IT UP!,Помидор,Помидор,,,Tomato,Pomidor,,Жареный на мангале помидор ,Жаренный на мангале помидор,,,Grilled tomato,Gril pomidor,"language-tool:short_description | Причастие пишется с «нн», есть зависимые слова: «Жаренный»"
6,1,FIRE IT UP!,Болгарский перец,Болгарский перец,,,bell pepper,jaň burç,,Болгарский перец жареный на мангале ,Болгарский перец жаренный на мангале,,,Grilled bell peppers,Gril jaň burçlary,"language-tool:short_description | Причастие пишется с «нн», есть зависимые слова: «жаренный»"
7,1,FIRE IT UP!,Картофель,Картофель,,,Potato,Kartoşka,,нарезаный картофель жареный на мангале ,Нарезанный картофель жаренный на мангале,,,Sliced ​​potatoes fried on the grill,Griliň üstünde gowrulan dilimlenen kartoşka,"language-tool:short_description | Возможно найдена орфографическая ошибка. | Причастие пишется с «нн», есть зависимые слова: «жаренный»"
8,1,FIRE IT UP!,Сет микс,Сет микс,,,Set mix,Garyndyny düzüň,,"Лакомка, печень в жеру, баранина, баранье рёбры, люля кебаб, курица, люля куриный, куриные крылья, куриная филе, овощи, лук, зелень","Лакомка, печень в жиру, баранина, баранье рёбра, люля-кебаб, курица, люля куриный, куриные крылья, куриная филе, овощи, лук, зелень",,,"Lakomka, liver in fat, lamb, lamb ribs, lula kebab, chicken, chicken lula, chicken wings, chicken fillet, vegetables, onions, greens","Lakomka, ýagly bagyr, guzy, guzy gapyrgasy, lula kebab, towuk, towuk lula, towuk ganaty, towuk filesi, gök önümler, sogan, gök önümler",language-tool:short_description | Возможно найдена орфографическая ошибка. | Возможно найдена орфографическая ошибка. | Эти слова должны быть написаны через дефис.
9,1,FIRE IT UP!,Сет 3,Сет 3,,,Set 3,3-nji toplum,,"Лакомка, печень в жеру, баранина, баранье рёбры, люля кебаб, лук, зелень","Лакомка, печень в жиру, баранина, баранье рёбра, люля-кебаб, лук, зелень",,,"Lakomka, liver in fat, lamb, lamb ribs, lula kebab, onion, greens","Lakomka, ýagly bagyr, guzy, guzy gapyrgasy, lula kebab, sogan, gök",language-tool:short_description | Возможно найдена орфографическая ошибка. | Возможно найдена орфографическая ошибка. | Эти слова должны быть написаны через дефис.
10,1,FIRE IT UP!,Сет 2,Сет 2,,,Set 2,2-nji toplum,,"Курица, люля куриный, куриные крылья, куриная филе, лук, зелень","Курица, люля куриный, куриные крылья, куриная филе, лук, зелень",,,"Chicken, chicken lula, chicken wings, chicken fillet, onion, greens","Towuk, towuk lula, towuk ganaty, towuk filesi, sogan, gök",
11,1,FIRE IT UP!,Сет 1,Сет 1,,,Set 1,1-nji toplum,,"Качкалдак, перепёлка, цыплёнок, куриные крылья, картофель, помидор","Аркадак, перепёлка, цыплёнок, куриные крылья, картофель, помидор",,,"Arkadak, quail, chicken, chicken wings, potatoes, tomato","Arkadak, beden, towuk, towuk ganaty, kartoşka, pomidor",language-tool:short_description | Возможно найдена орфографическая ошибка.
12,1,FIRE IT UP!,Лакомка,Лакомка,,,Gourmand,Gourmand,,"Жир сетка, фарш, помидор","Жир сетка, фарш, помидор",,,"Fat mesh, minced meat, tomato","Fatagly mesh, ownuk et, pomidor",
13,1,FIRE IT UP!,Куриная грудка на углях,Куриная грудка на углях,,,Chicken breast on coals,Kömürdäki towuk göwsi,,"Куриное филе, лук, зелень","Куриное филе, лук, зелень",,,"Chicken fillet, onion, greens","Towuk filesi, sogan, gök önümler",
14,1,FIRE IT UP!,Качкалдаки,Аркадаки,,,Arkadaki,Arkadaki,language-tool:name | Возможно найдена орфографическая ошибка.,"Качкалдаки, лук, зелень","Аркадаки, лук, зелень",,,"Arkadaki, onions, greens","Arkadaki, sogan, gök önümler",language-tool:short_description | Возможно найдена орфографическая ошибка.
15,1,FIRE IT UP!,Баранина,Баранина,,,Mutton,Goýun,,"Баранина, лук, зелень","Баранина, лук, зелень",,,"Lamb, onion, greens","Guzy, sogan, gök önümler",
16,1,FIRE IT UP!,Голень курицы,Голень курицы,,,Chicken drumstick,Towuk deprek,,"Голень курицы, лук, зелень","Голень курицы, лук, зелень",,,"Chicken drumstick, onion, greens","Towuk deprek, sogan, gök önümler",
17,1,FIRE IT UP!,Печень в жиру,Печень в жиру,,,Liver in fat,Fatagdaky bagyr,,"Печени в жировой сетке, лук, зелень","Печени в жировой сетке, лук, зелень",,,"Livers in fat mesh, onions, greens","Fatagly torda, sogan, gök önümlerde ýaşaýanlar",
18,1,FIRE IT UP!,Перепёлки,Перепёлки,,,Quails,Bedenler,,"Перепёлки, лук, зелень","Перепёлки, лук, зелень",,,"Quails, onions, greens","Beden, sogan, gök önümler",
19,1,FIRE IT UP!,Куриное люля,Куриное люля,,,Chicken lula,Towuk lula,,"Куриный фарш, лук, зелень","Куриный фарш, лук, зелень",,,"Minced chicken, onion, greens","Ownuk towuk, sogan, gök önümler",
20,1,FIRE IT UP!,Курица,Курица,,,Chicken,Towuk,,"Курица, лук, зелень","Курица, лук, зелень",,,"Chicken, onion, greens","Towuk, sogan, gök önümler",
21,1,FIRE IT UP!,Куриные крылышки,Куриные крылышки,,,Chicken wings,Towuk ganatlary,,"Куриные крылышки, лук, зелень","Куриные крылышки, лук, зелень",,,"Chicken wings, onions, greens","Towuk ganatlary, sogan, gök önümler",
22,1,FIRE IT UP!,Цыпленок табака,Цыпленок табака,,,Chicken tabaka,Towuk tabaka,,"Цыпленок, лук, зелень","Цыпленок, лук, зелень",,,"Chicken, onion, greens","Towuk, sogan, gök önümler",
23,1,FIRE IT UP!,Бараньи рёбрышки,Бараньи рёбрышки,,,Lamb ribs,Guzynyň gapyrgalary,,"Бараньи рёбрышки, лук, зелень","Бараньи рёбрышки, лук, зелень",,,"Lamb ribs, onion, greens","Guzynyň gapyrgalary, sogan, gök önümler",
24,2,Pizza &amp; Wing,ПП Пицца,ПП Пицца,,,PP Pizza,PP Pitsa,,"Тесто для пиццы, красный соус, шампиньон, кабачки, баклажаны, болгарский перец, помидоры, моцарелла, ароматное масло","Тесто для пиццы, красный соус, шампиньон, кабачки, баклажаны, болгарский перец, помидоры, моцарелла, ароматное масло",,,"Pizza dough, red sauce, champignon, zucchini, eggplant, bell pepper, tomatoes, mozzarella, aromatic oil","Pitsa hamyry, gyzyl sous, şampignon, nahar, baklajan, jaň burç, pomidor, mozarella, ysly ýag",
25,2,Pizza &amp; Wing,Мясное изобилие,Мясное изобилие,,,Meat abundance,Et bollygy,,"Тесто для пиццы, красный соус, курица, капчёная колбасы, бекон, ветчина, моцарелла, помидор, сладкий перец, лук репчатый, ароматное масло","Тесто для пиццы, красный соус, курица, копчёная колбасы, бекон, ветчина, моцарелла, помидор, сладкий перец, лук репчатый, ароматное масло",,,"Pizza dough, red sauce, chicken, smoked sausage, bacon, ham, mozzarella, tomato, bell pepper, onion, aromatic oil","Pitsa hamyry, gyzyl sous, towuk, kakadylan kolbasa, doňuz, hamam, mozarella, pomidor, jaň burç, sogan, ysly ýag",language-tool:short_description | Возможно найдена орфографическая ошибка.
30,2,Pizza &amp; Wing,Суп-пюре с курицей,Купюре с курицей,,,Chicken bill,Towuk hasaby,language-tool:name | Возможно найдена орфографическая ошибка.,"Курица, куриный бульон, картофель, морковь, сливки, укроп","Курица, куриный бульон, картофель, морковь, сливки, укроп",,,"Chicken, chicken broth, potatoes, carrots, cream, dill","Towuk, towuk çorbasy, kartoşka, käşir, krem, ukrop",
31,2,Pizza &amp; Wing,Суп куриный с лапшой,Суп куриный с лапшой,,,Chicken noodle soup,Towuk nahary çorbasy,,"Бульон куриный, курица, овощи свежие, лапша, укроп","Бульон куриный, курица, овощи свежие, лапша, укроп",,,"Chicken broth, chicken, fresh vegetables, noodles, dill","Towuk çorbasy, towuk, täze gök önümler, nahar, ukrop",
32,2,Pizza &amp; Wing,Цезарь с креветками,Цезарь с креветками,,,Caesar with shrimp,Käşir bilen Sezar,,"Креветки, капуста пекинская, лист салата, черри, пармезан, яйцо перепелиные, сухари, соус","Креветки, капуста пекинская, лист салата, черри, пармезан, яйцо перепелиные, сухари, соус",,,"Shrimp, Chinese cabbage, lettuce, cherry tomatoes, Parmesan, quail egg, crackers, sauce","Käşir, hytaý kelem, salat, alça pomidor, Parmesan, beden ýumurtgasy, kraker, sous",
33,2,Pizza &amp; Wing,Цезарь с куриной грудкой,Цезарь с куриной грудкой,,,Caesar with chicken breast,Towuk göwsi bilen Sezar,,"Капуста пекинская, латук, курица,черри, пармезан, сухари, яйцы перепелиные, белый соус","Капуста пекинская, латук, курица, черри, пармезан, сухари, яйцо перепелиные, белый соус",,,"Chinese cabbage, lettuce, chicken, cherry tomatoes, parmesan, crackers, quail egg, white sauce","Hytaý kelem, salat, towuk, alça pomidor, parmesan, kraker, beden ýumurtgasy, ak sous",language-tool:short_description | Поставьте пробел после запятой. | Возможно найдена орфографическая ошибка.
34,2,Pizza &amp; Wing,Цезарь с тунцом,Цезарь с тунцом,,,Caesar with tuna,Tuna bilen Sezar,,"Капуста пекинская, лист салата, тунец,черри, пармезан, сухари, яйцо перепелиные, сливочный соус","Капуста пекинская, лист салата, тунец, черри, пармезан, сухари, яйцо перепелиные, сливочный соус",,,"Chinese cabbage, lettuce, tuna, cherry tomatoes, parmesan, breadcrumbs, quail egg, cream sauce","Hytaý kelem, salat, tuna, alça pomidor, parmesan, çörek bölekleri, beden ýumurtgasy, krem ​​sousy",language-tool:short_description | Поставьте пробел после запятой.
35,2,Pizza &amp; Wing,Крылышки панко,Крылышки пункт,,,Wings item,Ganatlar elementi,language-tool:name | Возможно найдена орфографическая ошибка.,"Крылышки, чеснок, мука, крахмал кукурузный, паприка молотая","Крылышки, чеснок, мука, крахмал кукурузный, паприка молотая",,,"Wings, garlic, flour, corn starch, ground paprika","Ganatlar, sarymsak, un, mekgejöwen krahmaly, ýer paprika",
36,2,Pizza &amp; Wing,Крылышки KFC,Крылышки КFС,,,KFC wings,KFC ganatlary,mixed-script,"Крылышки, чеснок, мука, крахмал кукурузный, паприка молотая","Крылышки, чеснок, мука, крахмал кукурузный, паприка молотая",,,"Wings, garlic, flour, corn starch, ground paprika","Ganatlar, sarymsak, un, mekgejöwen krahmaly, ýer paprika",
37,2,Pizza &amp; Wing,Крылышки баффало,Крылышки Буффало,,,Buffalo wings,Buffalo ganatlary,language-tool:name | Возможно найдена орфографическая ошибка.,"Крылышки, красный соус, кетчуп острый, чеснок, бибяр, кунжут, лук зелaеный","Крылышки, красный соус, кетчуп острый, чеснок, биб яр, кунжут, лук зеленый",,,"Wings, red sauce, hot ketchup, garlic, bib yar, sesame, green onion","Ganatlar, gyzyl sous, gyzgyn ketçup, sarymsak, bib ýüpi, künji, ýaşyl sogan",mixed-script | language-tool:short_description | Возможно найдена орфографическая ошибка. | Возможно найдена орфографическая ошибка.
38,2,Pizza &amp; Wing,Крылышки горчично-медовом соусе,Крылышки горчично-медовом соусе,,,Wings in honey mustard sauce,Bal gorçisa sousundaky ganatlar,,"Крылышки, чеснок, мёд, кинза, кунжут, соуса","Крылышки, чеснок, мёд, кинза, кунжут, соуса",,,"Wings, garlic, honey, cilantro, sesame, sauce","Ganatlar, sarymsak, bal, silantro, künji, sous",
39,2,Pizza &amp; Wing,Крылышки барбекю,Крылышки барбекю,,,BBQ wings,BBQ ganatlary,,"Крылышки, перец чили, чеснок, зеленый лук, барбекю соус","Крылышки, перец чили, чеснок, зеленый лук, барбекю соус",,,"Wings, chili peppers, garlic, green onions, barbecue sauce","Ganatlar, çili burç, sarymsak, ýaşyl sogan, mangal sousy",
40,2,Pizza &amp; Wing,Крылышки терияки,Крылышки терияки,,,Teriyaki wings,Teriýaki ganatlary,,"Крылышки, чеснок, соус терияки, соус соевый, соль, перец","Крылышки, чеснок, соус терияки, соус соевый, соль, перец",,,"Wings, garlic, teriyaki sauce, soy sauce, salt, pepper","Ganatlar, sarymsak, teriýaki sousy, soýa sousy, duz, burç",
41,2,Pizza &amp; Wing,Поло э фунги,Поло э фанге,,,Polo e fange,Polo e fange,language-tool:name | Возможно найдена орфографическая ошибка.,"Тесто для пиццы, курица, грибы, пармезан, моцарелла, сливочный соус, соус цезарь, ароматное масло, петрушка","Тесто для пиццы, курица, грибы, пармезан, моцарелла, сливочный соус, соус цезарь, ароматное масло, петрушка",,,"Pizza dough, chicken, mushrooms, parmesan, mozzarella, cream sauce, Caesar sauce, aromatic oil, parsley","Pitsa hamyry, towuk, kömelek, parmesan, mozarella, krem ​​sousy, Sezar sousy, ysly ýag, petruşka",
42,2,Pizza &amp; Wing,Скандинавская с курицей — викинги бы одобрили,Скандинавская с курицей — викинги бы одобрили,,,Scandinavian with chicken - the Vikings would approve,Towuk bilen skandinawiýa - wikingler makullardy,,"Курица и бекон — северные братья. Руккола и черри притворяются салатом, но сыр и соус всё решают. Маслины и масло унесут тебя на фьорды прямо с дивана. Съел кусок — и хочется в мех и кричать «Йоу!».","Курица и бекон — северные братья. Руккола и черри притворяются салатом, но сыр и соус всё решают. Маслины и масло унесут тебя на фьорды прямо с дивана. Съел кусок — и хочется в мех и кричать «Шоу!».",,,"Chicken and bacon are brothers of the north. Arugula and cherry tomatoes pretend to be salad, but the cheese and sauce make all the difference. Olives and butter will take you to the fjords right from your couch. I ate a piece and I want to punch my fur and shout “Show!”","Towuk we doňuz eti demirgazykdaky doganlar. Arugula we alça pomidorlary salat ýaly görünýär, ýöne peýnir we sous tapawudy bar. Zeýtun we ýag sizi düşegiňizden göni fjordlara alyp barar. Bir bölek iýdim, sütüklerimi gysyp, “Görkez!” Diýip gygyrasym gelýär.",language-tool:short_description | Возможно найдена орфографическая ошибка.
43,2,Pizza &amp; Wing,Ростбиф с чили,Ростбиф с чили,,,Roast beef with chili,Çili bilen sygyr etini gowurmaly,,"Тесто для пиццы, красный соус, говядина, моцарелла, пармезан, холопеньо, лук репчатый, лук зеленый, шрирача, ароматное масло","Тесто для пиццы, красный соус, говядина, моцарелла, пармезан, халапеньо, лук репчатый, лук зеленый, приручу, ароматное масло",,,"Pizza dough, red sauce, beef, mozzarella, parmesan, jalapeno, onion, green onion, primu, aromatic oil","Pitsa hamyry, gyzyl sous, sygyr eti, mozarella, parmesan, jalapeno, sogan, ýaşyl sogan, primu, ysly ýag",language-tool:short_description | Возможно найдена орфографическая ошибка. | Возможно найдена орфографическая ошибка.
44,2,Pizza &amp; Wing,Груша с голубым сыром,Груша с голубым сыром,,,Pear with blue cheese,Gök peýnir bilen armut,,"Тесто для пиццы, соус сливочный, груша, дор блю, мёд, грецкий орех, моцарелла, базилик, ароматное масло","Тесто для пиццы, соус сливочный, груша, Дор Лю, мёд, грецкий орех, моцарелла, базилик, ароматное масло",,,"Pizza dough, cream sauce, pear, Dor Liu, honey, walnut, mozzarella, basil, aromatic oil","Pitsa hamyry, krem ​​sousy, armut, Dor Liu, bal, hoz, mozarella, reyhan, ysly ýag",manual:дор блю->Дор Блю | language-tool:short_description | Возможно найдена орфографическая ошибка.
45,2,Pizza &amp; Wing,Сёмга и руккола,Сёмга и руккола,,,Salmon and arugula,Salmon we arugula,,"Тесто для пиццы, соус сливочный, лосось, каперси, крем чиз, сливки, руккола, микс черри, оливки, маслины, пармезан, ароматное масло","Тесто для пиццы, соус сливочный, лосось, каперсе, крем из, сливки, руккола, микс черри, оливки, маслины, пармезан, ароматное масло",,,"Pizza dough, cream sauce, salmon, capers, cream, arugula, cherry mix, olives, parmesan, aromatic oil","Pitsa hamyry, krem ​​sousy, losos, kepir, krem, arugula, alça garyndysy, zeýtun, parmesan, ysly ýag",language-tool:short_description | Возможно найдена орфографическая ошибка. | Возможно найдена орфографическая ошибка.
46,2,Pizza &amp; Wing,Охотничьи колбаски,Охотничьи колбаски,,,Hunter's sausages,Awçynyň kolbasa,,"Тесто для пиццы, красный соус, колбаса охотничяя, капчёная колбаса, сосиськи куриные, огурецы солёные, лук репчатый, моцарелла, ароматное масло","Тесто для пиццы, красный соус, колбаса охотничья, копчёная колбаса, сосиски куриные, огурец солёные, лук репчатый, моцарелла, ароматное масло",,,"Pizza dough, red sauce, hunting sausage, smoked sausage, chicken sausage, pickled cucumber, onion, mozzarella, aromatic oil","Pitsa hamyry, gyzyl sous, aw kolbasa, kakadylan kolbasa, towuk kolbasa, duzlanan hyýar, sogan, mozarella, ysly ýag",language-tool:short_description | Возможно найдена орфографическая ошибка. | Возможно найдена орфографическая ошибка. | Возможно найдена орфографическая ошибка.
47,2,Pizza &amp; Wing,Курица с ананасом,Курица с ананасом,,,Chicken with pineapple,Ananas bilen towuk,,"Тесто для пиццы, соус сливочный, курица, ветчина, моцарелла, оливки, ананас, кукуруза, ароматное масло","Тесто для пиццы, соус сливочный, курица, ветчина, моцарелла, оливки, ананас, кукуруза, ароматное масло",,,"Pizza dough, cream sauce, chicken, ham, mozzarella, olives, pineapple, corn, aromatic oil","Pitsa hamyry, krem ​​sousy, towuk, hamam, mozarella, zeýtun, ananas, mekgejöwen, ysly ýag",
48,2,Pizza &amp; Wing,Пять сыров,Пять сыров,,,Five cheeses,Bäş peýnir,,"Тесто для пиццы, соус сливочный, крем чиз, моцарелла, пармезан, дор блю, Чеддер, базилик, ароматное масло","Тесто для пиццы, соус сливочный, крем из, моцарелла, пармезан, Дор Лю, Чеддер, базилик, ароматное масло",,,"Pizza dough, cream sauce, cream, mozzarella, parmesan, Dor Liu, Cheddar, basil, aromatic oil","Pitsa hamyry, krem ​​sousy, krem, mozarella, parmesan, Dor Liu, Çeddar, reyhan, ysly ýag",manual:дор блю->Дор Блю | language-tool:short_description | Возможно найдена орфографическая ошибка. | Возможно найдена орфографическая ошибка.
49,3,BURGER 160°,Руккола - апельсин,Руккола - апельсин,,,Arugula - orange,Arugula - mämişi,,"Руккола, апельсины, помидоры, вяленные помидоры, балзамика, соль, перец, орешки кедровые","Руккола, апельсины, помидоры, вяленные помидоры, балтабека, соль, перец, орешки кедровые",,,"Arugula, oranges, tomatoes, sun-dried tomatoes, baltabeca, salt, pepper, pine nuts","Arugula, apelsin, pomidor, gün bilen guradylan pomidor, baltabeka, duz, burç, sosna hozy",language-tool:short_description | Возможно найдена орфографическая ошибка.
50,3,BURGER 160°,Трио минибургеров,Трио мини бургеров,,,Trio of mini burgers,Mini burger üçlügi,language-tool:name | Возможно найдена орфографическая ошибка.,"Булочки бриошь, лист салата, стейк, говяжая котлета, куриная котлета, , солёный огурец, помидоры, лук репчатый, соуса","Булочки бриошь, лист салата, стейк, говяжья котлета, куриная котлета,, солёный огурец, помидоры, лук репчатый, соуса",,,"Brioche buns, lettuce, steak, beef cutlet, chicken cutlet, pickled cucumber, tomatoes, onions, sauce","Brioche çörekleri, salat, biftek, sygyr eti, towuk eti, duzlanan hyýar, pomidor, sogan, sous","language-tool:short_description | Возможно найдена орфографическая ошибка. | Поставьте пробел после запятой, а не перед ней."
51,3,BURGER 160°,Картофель Фри,Картофель Фри,,,French fries,Fransuz gowurmalary,,"картофель, соль","Картофель, соль",,,"Potatoes, salt","Kartoşka, duz",language-tool:short_description | Это предложение не начинается с заглавной буквы.
52,3,BURGER 160°,Крем суп из шампиньонов,Крем суп из шампиньонов,,,Cream of champignon soup,Şampan çorbasynyň kremi,,"Шампиньоны, лук репчатый, сливки, чеснок, соль, перец","Шампиньоны, лук репчатый, сливки, чеснок, соль, перец",,,"Champignons, onions, cream, garlic, salt, pepper","Şampan, sogan, krem, sarymsak, duz, burç",
53,3,BURGER 160°,Крем суп из тыквы,Крем суп из тыквы,,,Cream of pumpkin soup,Kädi çorbasynyň kremi,,"Тыква, лук репчатый, базилик, чеснок, соль, перец","Тыква, лук репчатый, базилик, чеснок, соль, перец",,,"Pumpkin, onion, basil, garlic, salt, pepper","Kädi, sogan, reyhan, sarymsak, duz, burç",
54,3,BURGER 160°,Крем суп из баклажанов,Крем суп из баклажанов,,,Cream of eggplant soup,Bägül çorbasynyň kremi,,"Баклажаны, лук репчатый, базилик, чеснок, соль, перец","Баклажаны, лук репчатый, базилик, чеснок, соль, перец",,,"Eggplant, onion, basil, garlic, salt, pepper","Bägül, sogan, reyhan, sarymsak, duz, burç",
55,3,BURGER 160°,Шримпбургер,Шримпбургер,,,Shrimpburger,Shrimpburger,,"Булочка бриошь, говяжая котлета, креветка, огурец, помидор, лист салата, соуса","Булочка бриошь, говяжья котлета, креветка, огурец, помидор, лист салата, соуса",,,"Brioche bun, beef cutlet, shrimp, cucumber, tomato, lettuce, sauce","Brioche çöregi, sygyr eti, kepir, hyýar, pomidor, salat, sous",language-tool:short_description | Возможно найдена орфографическая ошибка.
56,3,BURGER 160°,Чикенбургер,Лиценбергер,,,Litzenberger,Litzenberger,language-tool:name | Возможно найдена орфографическая ошибка.,"Булочка бриошь, куриная котлета, лист салата, лук, солёные огурецы, помидоры, соуса","Булочка бриошь, куриная котлета, лист салата, лук, солёные огурец, помидоры, соуса",,,"Brioche bun, chicken cutlet, lettuce, onion, pickles, tomatoes, sauce","Brioche çöregi, towuk eti, salat, sogan, duz, pomidor, sous",language-tool:short_description | Возможно найдена орфографическая ошибка.
57,3,BURGER 160°,Чизбургер,Чизбургер,,,Cheeseburger,Cheeseburger,,"Булочка бриошь, говяжая котлета, помидоры, огурец солёный, лист салата, сыр плавленный, лук, соуса","Булочка бриошь, говяжья котлета, помидоры, огурец солёный, лист салата, сыр плавленый, лук, соуса",,,"Brioche bun, beef cutlet, tomatoes, pickled cucumber, lettuce, processed cheese, onion, sauce","Brioche çöregi, sygyr eti, pomidor, duzlanan hyýar, salat, gaýtadan işlenen peýnir, sogan, sous","language-tool:short_description | Возможно найдена орфографическая ошибка. | Прилагательное пишется с «н», зависимых слов нет: «плавленый»"
58,3,BURGER 160°,Цезарь - тунец,Цезарь - тунец,,,Caesar - tuna,Sezar - tuna,,"Тунец, капуста пекинская, латук, черри, пармезан, сухарики, перепелиные яйца, соус цезарь","Тунец, капуста пекинская, латук, черри, пармезан, сухарики, перепелиные яйца, соус цезарь",,,"Tuna, Chinese cabbage, lettuce, cherry tomatoes, Parmesan, croutons, quail eggs, Caesar sauce","Tuna, hytaý kelem, salat, alça pomidor, Parmesan, sogan, beden ýumurtgasy, Sezar sousy",
59,3,BURGER 160°,Цезарь - куриная грудка,Цезарь - куриная грудка,,,Caesar - chicken breast,Sezar - towuk göwsi,,"Куриная грудка, капуста пекинская, латук, черри, перепелиные яйца, пармезан, сухарики, соус цезарь","Куриная грудка, капуста пекинская, латук, черри, перепелиные яйца, пармезан, сухарики, соус цезарь",,,"Chicken breast, Chinese cabbage, lettuce, cherry tomatoes, quail eggs, Parmesan, croutons, Caesar sauce","Towuk göwsi, hytaý kelem, salat, alça pomidor, beden ýumurtgasy, Parmesan, sogan, Sezar sousy",
60,3,BURGER 160°,Цезарь - креветки,Цезарь - креветки,,,Caesar - shrimp,Sezar - gysga,,"Капуста пекинская, креветки, пармезан, латук, черри, перепелиные яйца, сухарики, соус цезарь","Капуста пекинская, креветки, пармезан, латук, черри, перепелиные яйца, сухарики, соус цезарь",,,"Chinese cabbage, shrimp, Parmesan, lettuce, cherry tomatoes, quail eggs, croutons, Caesar sauce","Hytaý kelem, karides, Parmesan, salat, alça pomidorlary, beden ýumurtgalary, sogan, Sezar sousy",
61,3,BURGER 160°,Чизбургер с беконом,Чизбургер с беконом,,,Cheeseburger with bacon,Bekon bilen peýnir,,"Булочка бриошь, котлета говяжая, бекон, сыр плавленный, огурец солёный, помидоры, лист салата, лук репчатый, соуса","Булочка бриошь, котлета говяжья, бекон, сыр плавленый, огурец солёный, помидоры, лист салата, лук репчатый, соуса",,,"Brioche bun, beef cutlet, bacon, processed cheese, pickled cucumber, tomatoes, lettuce, onion, sauce","Brioche çöregi, sygyr eti, doňuz eti, gaýtadan işlenen peýnir, duzlanan hyýar, pomidor, salat, sogan, sous","language-tool:short_description | Возможно найдена орфографическая ошибка. | Прилагательное пишется с «н», зависимых слов нет: «плавленый»"
62,3,BURGER 160°,Торн-чикенбургер,Торн-чикенбургер,,,Thorn Chicken Burger,Tiken towuk burgeri,,"Булочка бриошь, помидоры, лист салата, огурец солёный, лук репчатый, сыр плавленный, куриное филе, соуса","Булочка бриошь, помидоры, лист салата, огурец солёный, лук репчатый, сыр плавленый, куриное филе, соуса",,,"Brioche bun, tomatoes, lettuce, pickled cucumber, onion, processed cheese, chicken fillet, sauce","Brioche çöregi, pomidor, salat, duzlanan hyýar, sogan, gaýtadan işlenen peýnir, towuk filesi, sous","language-tool:short_description | Прилагательное пишется с «н», зависимых слов нет: «плавленый»"
63,3,BURGER 160°,Веганбургер,Веган бургер,,,Vegan burger,Wegan burger,language-tool:name | Возможно найдена орфографическая ошибка.,"Булочка бриошь, овощи на гриле, огурец свежий, лук репчатый, сыр тофу, лист салата, соуса","Булочка бриошь, овощи на гриле, огурец свежий, лук репчатый, сыр тофу, лист салата, соуса",,,"Brioche bun, grilled vegetables, fresh cucumber, onion, tofu cheese, lettuce, sauce","Brioche çöregi, panjara gök önümler, täze hyýar, sogan, tofu peýniri, salat, sous",
64,3,BURGER 160°,Бургер классик,Бургер классик,,,Burger classic,Burger klassik,,"Булочка бриошь, говяжая котлета, помидоры, огурец солёный, лист салата, лук репчатый, соуса","Булочка бриошь, говяжья котлета, помидоры, огурец солёный, лист салата, лук репчатый, соуса",,,"Brioche bun, beef cutlet, tomatoes, pickled cucumber, lettuce, onion, sauce","Brioche çöregi, sygyr eti, pomidor, duzlanan hyýar, salat, sogan, sous",language-tool:short_description | Возможно найдена орфографическая ошибка.
65,3,BURGER 160°,Блэк чикенбургер,Блэк чизбургер,,,Black cheeseburger,Gara peýnir,language-tool:name | Возможно найдена орфографическая ошибка.,"Булочка бриошь, куриная котлета, помидоры, лист салата, огурец солёный, лук репчатый, соуса","Булочка бриошь, куриная котлета, помидоры, лист салата, огурец солёный, лук репчатый, соуса",,,"Brioche bun, chicken cutlet, tomatoes, lettuce, pickled cucumber, onion, sauce","Brioche çöregi, towuk eti, pomidor, salat, duzlanan hyýar, sogan, sous",
66,3,BURGER 160°,Блэк чизбургер,Блэк чизбургер,,,Black cheeseburger,Gara peýnir,,"Булочка бриошь, котлета говяжая, сыр плавленый, помидоры, лист салата, огурец солёный, лук репчатый, соуса","Булочка бриошь, котлета говяжья, сыр плавленый, помидоры, лист салата, огурец солёный, лук репчатый, соуса",,,"Brioche bun, beef cutlet, processed cheese, tomatoes, lettuce, pickled cucumber, onion, sauce","Brioche çöregi, sygyr eti, gaýtadan işlenen peýnir, pomidor, salat, duzlanan hyýar, sogan, sous",language-tool:short_description | Возможно найдена орфографическая ошибка.
67,3,BURGER 160°,Блэк бургер,Блэк бургер,,,Black burger,Gara burger,,"Булочка бриошь, котлета говяжая, помидоры, лист салата, огурец солёный, лук репчатый, соуса","Булочка бриошь, котлета говяжья, помидоры, лист салата, огурец солёный, лук репчатый, соуса",,,"Brioche bun, beef cutlet, tomatoes, lettuce, pickled cucumber, onion, sauce","Brioche çöregi, sygyr eti, pomidor, salat, duzlanan hyýar, sogan, sous",language-tool:short_description | Возможно найдена орфографическая ошибка.
68,3,BURGER 160°,Бифбургер с овощами гриль,Чизбургер с овощами гриль,,,Cheeseburger with grilled vegetables,Gril gök önümler bilen peýnir,language-tool:name | Возможно найдена орфографическая ошибка.,"Булочка бриошь, стейк, лист салата, овощи на гриле, лук, солённые огурецы, соуса","Булочка бриошь, стейк, лист салата, овощи на гриле, лук, солёные огурец, соуса",,,"Brioche bun, steak, lettuce, grilled vegetables, onion, pickles, sauce","Brioche çöregi, biftek, salat, panjara gök önümler, sogan, duz, sous",language-tool:short_description | Возможно найдена орфографическая ошибка. | Возможно найдена орфографическая ошибка.
69,3,BURGER 160°,Стейкбургер,Стейкбургер,,,Steakburger,Steakburger,,"Булочка бриошь, стейк, сыр плавленый, огурец солёный, помидоры, лист салата, лук репчатый, соуса","Булочка бриошь, стейк, сыр плавленый, огурец солёный, помидоры, лист салата, лук репчатый, соуса",,,"Brioche bun, steak, processed cheese, pickled cucumber, tomatoes, lettuce, onion, sauce","Brioche çöregi, biftek, gaýtadan işlenen peýnir, duzlanan hyýar, pomidor, salat, sogan, sous",
70,3,BURGER 160°,Бургер XXL,Бургер ХХL,,,Burger XXL,Burger XXL,mixed-script,"Булочка бриошь, котлеты говяжие, сыр плавленый, огурец солёный, помидоры, лист салата, лук репчатый, соуса","Булочка бриошь, котлеты говяжий, сыр плавленый, огурец солёный, помидоры, лист салата, лук репчатый, соуса",,,"Brioche bun, beef cutlets, processed cheese, pickled cucumber, tomatoes, lettuce, onion, sauce","Brioche çöregi, sygyr eti, gaýtadan işlenen peýnir, duzlanan hyýar, pomidor, salat, sogan, sous",language-tool:short_description | Возможно найдена орфографическая ошибка.
72,4,SUSHI.GOOD,Запеченные роллы сакура,Запеченные роллы сакура,,,Baked sakura rolls,Bişirilen sakura rulonlary,,"Рис, нори, икра летучей рыбы, крем сыр, лосось, сырный соус","Рис, норе, икра летучей рыбы, крем сыр, лосось, сырный соус",,,"Rice, nore, flying fish caviar, cream cheese, salmon, cheese sauce","Tüwi, adaty, uçýan balyk ikri, krem ​​peýniri, losos, peýnir sousy",language-tool:short_description | Возможно найдена орфографическая ошибка.
73,4,SUSHI.GOOD,Филадельфия грин,Филадельфия грин,,,Philadelphia green,Filadelfiýa ýaşyl,,"Рис, крем сыр, огурец, чука водоросли, нори, кунжут","Рис, крем сыр, огурец, рука водоросли, норе, кунжут",,,"Rice, cream cheese, cucumber, seaweed hand, nore, sesame","Tüwi, krem ​​peýniri, hyýar, deňiz ösümlik eli, burun, künji",language-tool:short_description | Возможно найдена орфографическая ошибка. | Возможно найдена орфографическая ошибка.
74,4,SUSHI.GOOD,Филадельфия гриль,Филадельфия гриль,,,Philadelphia grill,Filadelfiýa gril,,"Рис, нори, лосось, огурец, крем сыр, икра летучей рыбы","Рис, норе, лосось, огурец, крем сыр, икра летучей рыбы",,,"Rice, nore, salmon, cucumber, cream cheese, flying fish caviar","Tüwi, adaty, losos, hyýar, krem ​​peýniri, uçýan balyk ikri",language-tool:short_description | Возможно найдена орфографическая ошибка.
75,4,SUSHI.GOOD,"Сет ""Лосось"" 24 шт","Сет ""Лосось"" 24 шт",,,"Set ""Salmon"" 24 pcs","""Salmon"" 24 sany sazlaň",,"Филадельфия - 4 шт, Филадельфия гриль - 4 шт, Сяки маки - 8 шт, Филадельфия лайт - 8 шт","Филадельфия - 4 шт., Филадельфия гриль - 4 шт., Бяке маки - 8 шт., Филадельфия сайт - 8 шт",,,"Philadelphia - 4 pcs., Philadelphia grill - 4 pcs., Byake maki - 8 pcs., Philadelphia site - 8 pcs.","Filadelfiýa - 4 sany, Filadelfiýa panjarasy - 4 sany, Byake maki - 8 sany, Filadelfiýa saýty - 8 sany.",language-tool:short_description | Точка должна стоять после сокращений: «шт.» | Точка должна стоять после сокращений: «шт.» | Возможно найдена орфографическая ошибка.
76,4,SUSHI.GOOD,"Сет ""Филадельфия"" 32 шт","Сет ""Филадельфия"" 32 шт",,,"Set ""Philadelphia"" 32 pcs","""Filadelfiýa"" 32 sany sazlaň",,"Филадельфия лайт - 8 шт, Филадельфия роял - 8 шт, Филадельфия грин - 8 шт, Филадельфия гриль - 8 шт","Филадельфия сайт - 8 шт., Филадельфия рояль - 8 шт., Филадельфия грин - 8 шт., Филадельфия гриль - 8 шт",,,"Philadelphia site - 8 pcs., Philadelphia royal - 8 pcs., Philadelphia green - 8 pcs., Philadelphia grill - 8 pcs.","Filadelfiýa saýty - 8 sany, Filadelfiýa şasy - 8 sany, Filadelfiýa ýaşyl - 8 sany, Filadelfiýa panjarasy - 8 sany.",language-tool:short_description | Возможно найдена орфографическая ошибка. | Точка должна стоять после сокращений: «шт.» | Возможно найдена орфографическая ошибка.
77,4,SUSHI.GOOD,"Сет ""Калифорния"" 32 шт","Сет ""Калифорния"" 32 шт",,,"Set ""California"" 32 pcs","""Kaliforniýa"" 32 sany sazlaň",,"Калифорния с крабом - 8 шт, Калифорния с лососем - 8 шт, Калифорния с креветками - 8 шт, Калифорния с угрём - 8 шт","Калифорния с крабом - 8 шт., Калифорния с лососем - 8 шт., Калифорния с креветками - 8 шт., Калифорния с угрём - 8 шт",,,"California with crab - 8 pcs., California with salmon - 8 pcs., California with shrimp - 8 pcs., California with eel - 8 pcs.","Gyrgyçly Kaliforniýa - 8 sany, Kaliforniýa losos bilen - 8 sany, Kaliforniýa gysga - 8 sany, Kaliforniýa - 8 sany.",language-tool:short_description | Точка должна стоять после сокращений: «шт.» | Точка должна стоять после сокращений: «шт.» | Точка должна стоять после сокращений: «шт.»
78,4,SUSHI.GOOD,"Сет ""Жара"" 32 шт","Сет ""Жара"" 32 шт",,,"Set ""Heat"" 32 pcs","""Atylylyk"" 32 sany sazlaň",,"Темпура микс - 8 шт, Запечённые роллы с курицей - 8 шт, Запечённые роллы с сыром - 8 шт, Спайс ролл с тунцом - 8 шт","Тимура микс - 8 шт., Запечённые роллы с курицей - 8 шт., Запечённые роллы с сыром - 8 шт., Пайс ролл с тунцом - 8 шт",,,"Timura mix - 8 pcs., Baked rolls with chicken - 8 pcs., Baked rolls with cheese - 8 pcs., Pie roll with tuna - 8 pcs.","Timura garyndysy - 8 sany, towuk bilen bişirilen rulonlar - 8 sany, peýnir bilen bişirilen rulonlar - 8 sany, tunes bilen pirog - 8 sany.",language-tool:short_description | Возможно найдена орфографическая ошибка. | Точка должна стоять после сокращений: «шт.» | Точка должна стоять после сокращений: «шт.»
79,4,SUSHI.GOOD,Роллы футомаки с лососем,Роллы футом аки с лососем,,,Ackee foot rolls with salmon,Ackee aýagy losos bilen aýlanýar,language-tool:name | Возможно найдена орфографическая ошибка.,"Рис, огурец, нори, крем сыр, лосось, крабовые палочки 8шт","Рис, огурец, норе, крем сыр, лосось, крабовые палочки 8шт",,,"Rice, cucumber, nore, cream cheese, salmon, crab sticks 8pcs","Tüwi, hyýar, burun, krem ​​peýniri, losos, gyrgyç taýaklary 8 sany",language-tool:short_description | Возможно найдена орфографическая ошибка.
80,4,SUSHI.GOOD,Роллы футомаки с креветками,Роллы футом аки с креветками,,,Ackee foot rolls with shrimp,Ackee aýagy kepir bilen aýlanýar,language-tool:name | Возможно найдена орфографическая ошибка.,"Рис, нори, креветки, огурецы, крем сыр, крабовые палочки 8шт","Рис, норе, креветки, огурец, крем сыр, крабовые палочки 8шт",,,"Rice, nore, shrimp, cucumber, cream cheese, crab sticks 8pcs","Tüwi, burun, kepir, hyýar, krem ​​peýniri, gyrgyç taýaklary 8 sany",language-tool:short_description | Возможно найдена орфографическая ошибка. | Возможно найдена орфографическая ошибка.
81,4,SUSHI.GOOD,Роллы футомаки с тунцом,Роллы футом аки с тунцом,,,Foot ackee rolls with tuna,Aýak akkusy tuna bilen togalanýar,language-tool:name | Возможно найдена орфографическая ошибка.,"Рис, тунец, нори, огурецы, крабовые палочки, крем сыр 8шт","Рис, тунец, норе, огурец, крабовые палочки, крем сыр 8шт",,,"Rice, tuna, nore, cucumber, crab sticks, cream cheese 8pcs","Tüwi, tuna, burun, hyýar, gyrgyç taýaklary, krem ​​peýniri 8 nahar",language-tool:short_description | Возможно найдена орфографическая ошибка. | Возможно найдена орфографическая ошибка.
82,4,SUSHI.GOOD,Роллы футомаки с угрём,Роллы футом аки с угрём,,,Aki foot rolls with eel,Aki aýagy daban bilen aýlanýar,language-tool:name | Возможно найдена орфографическая ошибка.,"Рис, нори, угорь, крем сыр, огурецы, крабовые палочки 8шт","Рис, норе, угорь, крем сыр, огурец, крабовые палочки 8шт",,,"Rice, nore, eel, cream cheese, cucumber, crab sticks 8pcs","Tüwi, burun, öküz, krem ​​peýniri, hyýar, gyrgyç taýaklary 8 sany",language-tool:short_description | Возможно найдена орфографическая ошибка. | Возможно найдена орфографическая ошибка.
83,4,SUSHI.GOOD,Калифорния с мидиями,Калифорния с мидиями,,,California with mussels,Kaliforniýa midýa bilen,,"Рис, лосось, огурец, нори, крабовые палочки, спайс соус, икра летучей рыбы 8шт","Рис, лосось, огурец, норе, крабовые палочки, спас соус, икра летучей рыбы 8шт",,,"Rice, salmon, cucumber, nore, crab sticks, spas sauce, flying fish caviar 8pcs","Tüwi, losos, hyýar, burun, gyrgyç taýaklary, spas sousy, uçýan balyk ikri 8pcs",language-tool:short_description | Возможно найдена орфографическая ошибка. | Возможно найдена орфографическая ошибка.
84,4,SUSHI.GOOD,Калифорния с лососем,Калифорния с лососем,,,California with salmon,Kaliforniýa losos bilen,,"Рис, лосось, огурец, нори, крабовые палочки, спайс соус, икра летучей рыбы 8шт","Рис, лосось, огурец, норе, крабовые палочки, спас соус, икра летучей рыбы 8шт",,,"Rice, salmon, cucumber, nore, crab sticks, spas sauce, flying fish caviar 8pcs","Tüwi, losos, hyýar, burun, gyrgyç taýaklary, spas sousy, uçýan balyk ikri 8pcs",language-tool:short_description | Возможно найдена орфографическая ошибка. | Возможно найдена орфографическая ошибка.
85,4,SUSHI.GOOD,Калифорния с угрём,Калифорния с угрём,,,California with eel,Kaliforniýa,,"Рис, угорь, нори, огурец, крабовые палочки, спайс соус, кунжут 8шт","Рис, угорь, норе, огурец, крабовые палочки, спас соус, кунжут 8шт",,,"Rice, eel, nore, cucumber, crab sticks, spas sauce, sesame 8pcs","Tüwi, öküz, burun, hyýar, gyrgyç taýaklary, spas sousy, künji 8pc",language-tool:short_description | Возможно найдена орфографическая ошибка. | Возможно найдена орфографическая ошибка.
86,4,SUSHI.GOOD,Калифорния с креветкой,Калифорния с креветкой,,,California with shrimp,Kaliforniýa karides bilen,,"Рис, нори, креветки, огурецы, крабовые палочки, спайс соус, икра летучей рыбы 8шт","Рис, норе, креветки, огурец, крабовые палочки, спас соус, икра летучей рыбы 8шт",,,"Rice, nore, shrimp, cucumber, crab sticks, saved sauce, flying fish caviar 8pcs","Tüwi, burun, gysga, hyýar, gyrgyç taýaklary, halas edilen sous, uçýan balyk ikri 8pcs",language-tool:short_description | Возможно найдена орфографическая ошибка. | Возможно найдена орфографическая ошибка. | Возможно найдена орфографическая ошибка.
87,4,SUSHI.GOOD,Калифорния с тунцом,Калифорния с тунцом,,,California with tuna,Kaliforniýa tuna bilen,,"Рис, нори, тунец, огурец, крабовые палочки, спайс соус, икра летучей рыбы 8шт","Рис, норе, тунец, огурец, крабовые палочки, спас соус, икра летучей рыбы 8шт",,,"Rice, nore, tuna, cucumber, crab sticks, spas sauce, flying fish caviar 8pcs","Tüwi, burun, tuna, hyýar, gyrgyç taýaklary, spas sousy, uçýan balyk ikri 8pcs",language-tool:short_description | Возможно найдена орфографическая ошибка. | Возможно найдена орфографическая ошибка.
88,4,SUSHI.GOOD,Маки с угрём,Маки с угрём,,,Maki with eel,Maki dabany bilen,,"Рис, нори, угорь, соус унаги, кунжут 8шт","Рис, норе, угорь, соус аннаги, кунжут 8шт",,,"Rice, nore, eel, annagi sauce, sesame 8pcs","Tüwi, burun, eel, annagi sousy, künji 8pc",language-tool:short_description | Возможно найдена орфографическая ошибка. | Возможно найдена орфографическая ошибка.
89,4,SUSHI.GOOD,Маки с огурцом,Маки с огурцом,,,Maki with cucumber,Maki hyýar bilen,,"Рис, огурец, нори, кунжут 8шт","Рис, огурец, норе, кунжут 8шт",,,"Rice, cucumber, nore, sesame 8pcs","Tüwi, hyýar, burun, künji 8 nahar",language-tool:short_description | Возможно найдена орфографическая ошибка.
90,4,SUSHI.GOOD,Маки с тунцом,Маки с тунцом,,,Tuna Maki,Tuna Maki,,"Рис, нори, тунец, соус чили 8шт","Рис, норе, тунец, соус чили 8шт",,,"Rice, nore, tuna, chili sauce 8pcs","Tüwi, burun, tuna, çili sousy 8 nahar",language-tool:short_description | Возможно найдена орфографическая ошибка.
91,4,SUSHI.GOOD,Маки с лососем,Маки с лососем,,,Maki with salmon,Sogan bilen maki,,"Рис, нори, лосось, соус чили 8шт","Рис, норе, лосось, соус чили 8шт",,,"Rice, nore, salmon, chili sauce 8pcs","Tüwi, adaty, losos, çili sousy 8 nahar",language-tool:short_description | Возможно найдена орфографическая ошибка.
92,4,SUSHI.GOOD,Маки с креветкой,Маки с креветкой,,,Maki with shrimp,Maki karides bilen,,"Рис, креветки, нори, спайс соус 8шт","Рис, креветки, норе, спас соус 8шт",,,"Rice, shrimp, nore, saved sauce 8pcs","Tüwi, kepir, burun, tygşytlanan sous 8 nahar",language-tool:short_description | Возможно найдена орфографическая ошибка. | Возможно найдена орфографическая ошибка.
93,4,SUSHI.GOOD,Запеченные роллы с угрем,Запеченные роллы с угрем,,,Baked rolls with eel,Eel bilen bişirilen rulonlar,,"Рис, угорь, нори, огурец, крем сыр, спайс соус, унаги соус, кунжут 8шт","Рис, угорь, норе, огурец, крем сыр, спас соус, аннаги соус, кунжут 8шт",,,"Rice, eel, nore, cucumber, cream cheese, spas sauce, annagi sauce, sesame 8pcs","Tüwi, öküz, burun, hyýar, krem ​​peýniri, spas sousy, annagi sousy, künji 8pcs",language-tool:short_description | Возможно найдена орфографическая ошибка. | Возможно найдена орфографическая ошибка. | Возможно найдена орфографическая ошибка.
94,4,SUSHI.GOOD,Запеченные роллы с сыром,Запеченные роллы с сыром,,,Baked rolls with cheese,Peýnir bilen bişirilen rulonlar,,"Рис, Нори, огурец, крем сыр, сырный соус 8шт","Рис, Море, огурец, крем сыр, сырный соус 8шт",,,"Rice, Sea, cucumber, cream cheese, cheese sauce 8pcs","Tüwi, deňiz, hyýar, krem ​​peýniri, peýnir sousy 8 sany",language-tool:short_description | Возможно найдена орфографическая ошибка.
95,4,SUSHI.GOOD,Запеченные роллы с мидии,Запеченные роллы с мидии,,,Baked rolls with mussels,Midýa bilen bişirilen rulonlar,,"Рис, нори, мидия, огурец, лук зеленый, лимон, крем сыр, спайс соус 8шт","Рис, норе, мидия, огурец, лук зеленый, лимон, крем сыр, спас соус 8шт",,,"Rice, nore, mussel, cucumber, green onion, lemon, cream cheese, saved sauce 8pcs","Tüwi, burun, midýa, hyýar, ýaşyl sogan, limon, krem ​​peýniri, tygşytlanan sous 8pc",language-tool:short_description | Возможно найдена орфографическая ошибка. | Возможно найдена орфографическая ошибка.
96,4,SUSHI.GOOD,запеченные роллы с лососем,Запеченные роллы с лососем,,,Baked salmon rolls,Bişirilen losos rulonlary,language-tool:name | Это предложение не начинается с заглавной буквы.,"Рис, нори, лосось, огурец, крем сыр, спайс соус 8шт","Рис, норе, лосось, огурец, крем сыр, спас соус 8шт",,,"Rice, nore, salmon, cucumber, cream cheese, saved sauce 8pcs","Tüwi, burun, losos, hyýar, krem ​​peýniri, tygşytlanan sous 8 nahar",language-tool:short_description | Возможно найдена орфографическая ошибка. | Возможно найдена орфографическая ошибка.
97,4,SUSHI.GOOD,Запеченные роллы с курицей,Запеченные роллы с курицей,,,Baked rolls with chicken,Towuk bilen bişirilen rulonlar,,"Рис, нори, курица, огурец, крем сыр, сырный соус, кунжут 8шт","Рис, норе, курица, огурец, крем сыр, сырный соус, кунжут 8шт",,,"Rice, nore, chicken, cucumber, cream cheese, cheese sauce, sesame 8pcs","Tüwi, adaty, towuk, hyýar, krem ​​peýniri, peýnir sousy, künji 8pc",language-tool:short_description | Возможно найдена орфографическая ошибка.
98,4,SUSHI.GOOD,Запеченные роллы с креветками,Запеченные роллы с креветками,,,Baked shrimp rolls,Bişirilen karides rulonlary,,"Рис, нори, креветки, огурецы, крем сыр, спайс соус 8шт","Рис, норе, креветки, огурец, крем сыр, спас соус 8шт",,,"Rice, nore, shrimp, cucumber, cream cheese, saved sauce 8pcs","Tüwi, burun, kepir, hyýar, krem ​​peýniri, tygşytlanan sous 8 nahar",language-tool:short_description | Возможно найдена орфографическая ошибка. | Возможно найдена орфографическая ошибка. | Возможно найдена орфографическая ошибка.
99,4,SUSHI.GOOD,"Роллы ""Золотой Дракон""","Роллы ""Золотой Дракон""",,,"Rolls ""Golden Dragon""","""Altyn aagondarha""",,"Рис, угорь, огурец, крабовые палочки, соус унаги, кунжут 8шт","Рис, угорь, огурец, крабовые палочки, соус аннаги, кунжут 8шт",,,"Rice, eel, cucumber, crab sticks, annagi sauce, sesame 8pcs","Tüwi, öküz, hyýar, gyrgyç taýaklary, annagi sousy, künji 8 nahar",language-tool:short_description | Возможно найдена орфографическая ошибка.
100,4,SUSHI.GOOD,Филадельфия,Филадельфия,,,Philadelphia,Filadelfiýa,,"Рис, нори, лосось, огурец, крем сыр, икра летучей рыбы 8шт","Рис, норе, лосось, огурец, крем сыр, икра летучей рыбы 8шт",,,"Rice, nore, salmon, cucumber, cream cheese, flying fish caviar 8pcs","Tüwi, burun, losos, hyýar, krem ​​peýniri, uçýan balyk ikri 8pc",language-tool:short_description | Возможно найдена орфографическая ошибка.
101,4,SUSHI.GOOD,Филадельфия с тунцом,Филадельфия с тунцом,,,Philadelphia with tuna,Tuna bilen Filadelfiýa,,"Рис, нори, тунец, огурец, крем сыр, соус чили 8шт","Рис, норе, тунец, огурец, крем сыр, соус чили 8шт",,,"Rice, nore, tuna, cucumber, cream cheese, chili sauce 8pcs","Tüwi, burun, tuna, hyýar, krem ​​peýniri, çili sousy 8 nahar",language-tool:short_description | Возможно найдена орфографическая ошибка.
102,4,SUSHI.GOOD,Филадельфия лайт,Филадельфия сайт,,,Philadelphia site,Filadelfiýa saýty,language-tool:name | Возможно найдена орфографическая ошибка.,"Рис, лосось, нори, крабовые палочки, крем сыр 8шт","Рис, лосось, норе, крабовые палочки, крем сыр 8шт",,,"Rice, salmon, nore, crab sticks, cream cheese 8pcs","Tüwi, losos, burun, gyrgyç taýaklary, krem ​​peýniri 8 nahar",language-tool:short_description | Возможно найдена орфографическая ошибка.
103,4,SUSHI.GOOD,Филадельфия роял,Филадельфия рояль,,,Philadelphia piano,Filadelfiýa pianino,language-tool:name | Возможно найдена орфографическая ошибка.,"Рис, нори, лосось, огурец, крабовые палочки, крем сыр 8шт","Рис, норе, лосось, огурец, крабовые палочки, крем сыр 8шт",,,"Rice, nore, salmon, cucumber, crab sticks, cream cheese 8pcs","Tüwi, burun, losos, hyýar, gyrgyç taýaklary, krem ​​peýniri 8 nahar",language-tool:short_description | Возможно найдена орфографическая ошибка.
104,4,SUSHI.GOOD,Филадельфия с креветкой,Филадельфия с креветкой,,,Philadelphia with shrimp,Kiçijik Filadelfiýa,,"Рис, нори, креветки, огурец, крем сыр, соус унаги 8шт","Рис, норе, креветки, огурец, крем сыр, соус аннаги 8шт",,,"Rice, nore, shrimp, cucumber, cream cheese, annagi sauce 8pcs","Tüwi, burun, gysga, hyýar, krem ​​peýniri, annagi sousy 8pc",language-tool:short_description | Возможно найдена орфографическая ошибка. | Возможно найдена орфографическая ошибка.
105,4,SUSHI.GOOD,Филадельфия дабл чиз,Филадельфия добл из,,,Philadelphia doble out,Filadelfiýa çykdy,language-tool:name | Возможно найдена орфографическая ошибка. | Возможно найдена орфографическая ошибка.,"Рис, нори, курица, крем сыр, плавленный сыр, спайс соус 8шт","Рис, норе, курица, крем сыр, плавленный сыр, спас соус 8шт",,,"Rice, nore, chicken, cream cheese, processed cheese, saved sauce 8pcs","Tüwi, burun, towuk, krem ​​peýniri, gaýtadan işlenen peýnir, tygşytlanan sous 8 nahar",language-tool:short_description | Возможно найдена орфографическая ошибка. | Возможно найдена орфографическая ошибка.
106,4,SUSHI.GOOD,Филадельфия с угрем,Филадельфия с угрем,,,Philadelphia with eel,Filadelfiýa,,"Рис, нори, угорь, огурец, крем сыр, соус унаги, кунжут 8шт","Рис, норе, угорь, огурец, крем сыр, соус аннаги, кунжут 8шт",,,"Rice, nore, eel, cucumber, cream cheese, annagi sauce, sesame 8pcs","Tüwi, burun, öküz, hyýar, krem ​​peýniri, annagi sousy, künji 8pc",language-tool:short_description | Возможно найдена орфографическая ошибка. | Возможно найдена орфографическая ошибка.
107,4,SUSHI.GOOD,Калифорния с крабом и икрой летучей рыбы,Калифорния с крабом и икрой летучей рыбы,,,California with crab and flying fish caviar,Gyrgyç we uçýan balyk ikri bilen Kaliforniýa,,"Рис, нори, крабовые палочки, огурец, икра летучей рыбы, кунжут 8шт","Рис, норе, крабовые палочки, огурец, икра летучей рыбы, кунжут 8шт",,,"Rice, nore, crab sticks, cucumber, flying fish caviar, sesame 8pcs","Tüwi, burun, gyrgyç taýaklary, hyýar, uçýan balyk ikri, künji 8pc",language-tool:short_description | Возможно найдена орфографическая ошибка.
108,4,SUSHI.GOOD,Калифорния с крабом,Калифорния с крабом,,,California with crab,Gyrgyçly Kaliforniýa,,"Рис, нори, огурец, крабовые палочки, спайс соус, кунжут 8шт","Рис, норе, огурец, крабовые палочки, спас соус, кунжут 8шт",,,"Rice, nore, cucumber, crab sticks, spas sauce, sesame 8pcs","Tüwi, burun, hyýar, gyrgyç taýaklary, spas sousy, künji 8 nahar",language-tool:short_description | Возможно найдена орфографическая ошибка. | Возможно найдена орфографическая ошибка.
109,4,SUSHI.GOOD,Гункан с лососем,Дункан с лососем,,,Duncan with salmon,Sogan bilen Dankan,language-tool:name | Возможно найдена орфографическая ошибка.,"Рис, нори, лосось, спайс соус, икра летучей рыбы 2шт","Рис, норе, лосось, спас соус, икра летучей рыбы 2шт",,,"Rice, nore, salmon, saved sauce, flying fish roe 2pcs","Tüwi, adaty, losos, tygşytlanan sous, uçýan balyk köke 2pc",language-tool:short_description | Возможно найдена орфографическая ошибка. | Возможно найдена орфографическая ошибка.
110,4,SUSHI.GOOD,Гункан с крабом,Дункан с крабом,,,Duncan with crab,Gyrgyç bilen Dankan,language-tool:name | Возможно найдена орфографическая ошибка.,"Рис, нори, крабовые палочки, спайс соус, соус унаги 2шт","Рис, норе, крабовые палочки, спас соус, соус аннаги 2шт",,,"Rice, nore, crab sticks, saved sauce, annagi sauce 2pcs","Tüwi, burun, gyrgyç taýaklary, tygşytlanan sous, annagi sousy 2 nahar",language-tool:short_description | Возможно найдена орфографическая ошибка. | Возможно найдена орфографическая ошибка. | Возможно найдена орфографическая ошибка.
111,4,SUSHI.GOOD,Гункан с курицей,Дункан с курицей,,,Duncan with chicken,Towuk bilen Dankan,language-tool:name | Возможно найдена орфографическая ошибка.,"Рис, нори, курица, спайс соус, соус унаги 2шт","Рис, норе, курица, спас соус, соус аннаги 2шт",,,"Rice, nore, chicken, saved sauce, annagi sauce 2pcs","Tüwi, burun, towuk, tygşytlanan sous, annagi sousy 2 nahar",language-tool:short_description | Возможно найдена орфографическая ошибка. | Возможно найдена орфографическая ошибка. | Возможно найдена орфографическая ошибка.
112,4,SUSHI.GOOD,Гункан с угрём,Дункан с угрём,,,Duncan with eel,Dankan,language-tool:name | Возможно найдена орфографическая ошибка.,"Рис, нори, угорь, спайс соус, соус унаги, кунжут 2шт","Рис, норе, угорь, спас соус, соус аннаги, кунжут 2шт",,,"Rice, nore, eel, saved sauce, annagi sauce, sesame 2pcs","Tüwi, burun, öküz, tygşytlanan sous, annagi sousy, künji 2 nahar",language-tool:short_description | Возможно найдена орфографическая ошибка. | Возможно найдена орфографическая ошибка. | Возможно найдена орфографическая ошибка.
113,4,SUSHI.GOOD,Гункан с креветкой,Дункан с креветкой,,,Duncan with shrimp,Garpyz bilen Dankan,language-tool:name | Возможно найдена орфографическая ошибка.,"Рис, нори, креветка, спайс соус, икра летучей рыбы 2шт","Рис, норе, креветка, спас соус, икра летучей рыбы 2шт",,,"Rice, nore, shrimp, saved sauce, flying fish roe 2pcs","Tüwi, burun, kepir, tygşytlanan sous, uçýan balyk köke 2pc",language-tool:short_description | Возможно найдена орфографическая ошибка. | Возможно найдена орфографическая ошибка.
114,4,SUSHI.GOOD,Гункан с тунцом,Дункан с тунцом,,,Duncan with tuna,Tuna bilen Dankan,language-tool:name | Возможно найдена орфографическая ошибка.,"Рис, нори, тунец, спайс соус 2шт","Рис, норе, тунец, спас соус 2шт",,,"Rice, nore, tuna, saved sauce 2pcs","Tüwi, nore, tuna, tygşytlanan sous 2 nahar",language-tool:short_description | Возможно найдена орфографическая ошибка. | Возможно найдена орфографическая ошибка.
115,4,SUSHI.GOOD,Гункан Инь-Янь,Дункан Инь-Янь,,,Duncan Yin-Yang,Dankan inin-Yangang,language-tool:name | Возможно найдена орфографическая ошибка.,"Рис, нори, огурец, икра летучей рыбы 2шт","Рис, норе, огурец, икра летучей рыбы 2шт",,,"Rice, nore, cucumber, flying fish roe 2pcs","Tüwi, burun, hyýar, uçýan balyk köke 2pc",language-tool:short_description | Возможно найдена орфографическая ошибка.
116,4,SUSHI.GOOD,Гункан Инь-Янь,Дункан Инь-Янь,,,Duncan Yin-Yang,Dankan inin-Yangang,language-tool:name | Возможно найдена орфографическая ошибка.,"Рис, нори, огурец, икра летучей рыбы 2шт","Рис, норе, огурец, икра летучей рыбы 2шт",,,"Rice, nore, cucumber, flying fish roe 2pcs","Tüwi, adaty, hyýar, uçýan balyk köke 2pc",language-tool:short_description | Возможно найдена орфографическая ошибка.
117,4,SUSHI.GOOD,Гункан Грин,Дункан Грин,,,Duncan Green,Dankan Green,language-tool:name | Возможно найдена орфографическая ошибка.,"Рис, нори, огурец, крем сыр, икра летучей рыбы 2шт","Рис, норе, огурец, крем сыр, икра летучей рыбы 2шт",,,"Rice, nore, cucumber, cream cheese, flying fish caviar 2pcs","Tüwi, adaty, hyýar, krem ​​peýniri, uçýan balyk ikri 2pc",language-tool:short_description | Возможно найдена орфографическая ошибка.
118,4,SUSHI.GOOD,Роллы темпура микс,Роллы темпера микс,,,Tempera mix rolls,Tempera garyndysy,language-tool:name | Возможно найдена орфографическая ошибка.,"Рис, нори, креветка, угорь, лосось, темпура кляр, спайс соус 8шт","Рис, норе, креветка, угорь, лосось, темпера кляр, спас соус 8шт",,,"Rice, nore, shrimp, eel, salmon, tempera batter, saved sauce 8pcs","Tüwi, burun, karides, sogan, losos, tempera batteri, tygşytlanan sous 8pc",language-tool:short_description | Возможно найдена орфографическая ошибка. | Возможно найдена орфографическая ошибка. | Возможно найдена орфографическая ошибка.
119,4,SUSHI.GOOD,Том Ям,Том Ям,,,Tom Yum,Tom umum,,"Бульон том ям, мидии в раковине, креветки, кольцо кальмара, черри, лук, лимон, сливки, грибы, кинза, кунжут","Бульон том ям, мидии в раковине, креветки, кольцо кальмара, черри, лук, лимон, сливки, грибы, кинза, кунжут",,,"Tom yum broth, mussels in the shell, shrimp, squid ring, cherry tomatoes, onion, lemon, cream, mushrooms, cilantro, sesame","Tom ýum çorbasy, gabykdaky midiýalar, gysga, skid halkasy, alça pomidor, sogan, limon, krem, kömelek, silantro, künji",
120,4,SUSHI.GOOD,Мисо суп с тунцом,Песо суп с тунцом,,,Peso tuna soup,Peso tuna çorbasy,language-tool:name | Возможно найдена орфографическая ошибка.,"Бульон для мисо, тунец, ваками водоросли, тофу, кунжут","Бульон для место, тунец, ваками водоросли, тофу, кунжут",,,"Broth for place, tuna, wakami seaweed, tofu, sesame","Placeer üçin çorba, tuna, wakami deňiz ösümlikleri, tofu, künji",language-tool:short_description | Возможно найдена орфографическая ошибка.
121,4,SUSHI.GOOD,Мисо суп с лососем,Песо суп с лососем,,,Peso soup with salmon,Peso çorbasy,language-tool:name | Возможно найдена орфографическая ошибка.,"Бульон для мисо, лосось, тофу, ваками водоросли, кунжут","Бульон для место, лосось, тофу, ваками водоросли, кунжут",,,"Broth for place, salmon, tofu, wakami seaweed, sesame","Placeer üçin çorba, losos, tofu, wakami deňiz ösümlikleri, künji",language-tool:short_description | Возможно найдена орфографическая ошибка.
122,4,SUSHI.GOOD,Мисо суп с креветками,Песо суп с креветками,,,Peso shrimp soup,Peso karides çorbasy,language-tool:name | Возможно найдена орфографическая ошибка.,"Бульон для мисо, креветки, тофу, ваками водоросли, кунжут","Бульон для место, креветки, тофу, ваками водоросли, кунжут",,,"Broth for place, shrimp, tofu, wakami seaweed, sesame","Placeer, çorba, tofu, wakami deňiz ösümligi, künji",language-tool:short_description | Возможно найдена орфографическая ошибка.
123,4,SUSHI.GOOD,Роллы темпура с креветками,Роллы темпера с креветками,,,Tempera rolls with shrimps,Tempera gysga bölekler bilen aýlanýar,language-tool:name | Возможно найдена орфографическая ошибка.,"Рис, нори, креветки, огурецы, темпура кляр, крем сыр 8шт","Рис, норе, креветки, огурец, темпера кляр, крем сыр 8шт",,,"Rice, nore, shrimp, cucumber, tempera batter, cream cheese 8pcs","Tüwi, burun, gysga, hyýar, tempera batyr, krem ​​peýniri 8pc",language-tool:short_description | Возможно найдена орфографическая ошибка. | Возможно найдена орфографическая ошибка. | Возможно найдена орфографическая ошибка.
124,4,SUSHI.GOOD,Роллы темпура с тунцом,Роллы темпера с тунцом,,,Tempera rolls with tuna,Tempera tuna bilen aýlanýar,language-tool:name | Возможно найдена орфографическая ошибка.,"Рис, нори, тунец, огурец, темпура кляр, крем сыр 8шт","Рис, норе, тунец, огурец, темпера кляр, крем сыр 8шт",,,"Rice, nore, tuna, cucumber, tempera batter, cream cheese 8pcs","Tüwi, burun, tuna, hyýar, tempera batyr, krem ​​peýniri 8pc",language-tool:short_description | Возможно найдена орфографическая ошибка. | Возможно найдена орфографическая ошибка.
125,4,SUSHI.GOOD,Роллы темпура с лососем,Роллы темпера с лососем,,,Tempera rolls with salmon,Tempera losos bilen aýlanýar,language-tool:name | Возможно найдена орфографическая ошибка.,"Рис, нори, лосось, огурец, темпура кляр, крем сыр 8шт","Рис, норе, лосось, огурец, темпера кляр, крем сыр 8шт",,,"Rice, nore, salmon, cucumber, tempera batter, cream cheese 8pcs","Tüwi, burun, losos, hyýar, tempera batyr, krem ​​peýniri 8pc",language-tool:short_description | Возможно найдена орфографическая ошибка. | Возможно найдена орфографическая ошибка.
126,4,SUSHI.GOOD,Спайс ролл с тунцом,Пайс ролл с тунцом,,,Pie roll with tuna,Tuna bilen pirog,language-tool:name | Возможно найдена орфографическая ошибка.,"Рис, нори, тунец, огурец, спайс соус, крем сыр 8шт","Рис, норе, тунец, огурец, спас соус, крем сыр 8шт",,,"Rice, nore, tuna, cucumber, saved sauce, cream cheese 8pcs","Tüwi, burun, tuna, hyýar, tygşytlanan sous, krem ​​peýniri 8 nahar",language-tool:short_description | Возможно найдена орфографическая ошибка. | Возможно найдена орфографическая ошибка.
127,4,SUSHI.GOOD,Спайс ролл с угрем,Пайс ролл с угрем,,,Pie roll with eel,Daban bilen pirog,language-tool:name | Возможно найдена орфографическая ошибка.,"Рис, нори, Угорь, спайс соус, огурец, крем сыр 8шт","Рис, норе, Угорь, спас соус, огурец, крем сыр 8шт",,,"Rice, nore, Eel, saved sauce, cucumber, cream cheese 8pcs","Tüwi, adaty, Eel, tygşytlanan sous, hyýar, krem ​​peýniri 8 nahar",language-tool:short_description | Возможно найдена орфографическая ошибка. | Возможно найдена орфографическая ошибка.
128,4,SUSHI.GOOD,Спайс ролл с лососем,Пайс ролл с лососем,,,Pie roll with salmon,Sogan bilen pirog,language-tool:name | Возможно найдена орфографическая ошибка.,"Рис, нори, лосось, огурец, спайс соус, крем сыр 8шт","Рис, норе, лосось, огурец, спас соус, крем сыр 8шт",,,"Rice, nore, salmon, cucumber, saved sauce, cream cheese 8pcs","Tüwi, burun, losos, hyýar, tygşytlanan sous, krem ​​peýniri 8 nahar",language-tool:short_description | Возможно найдена орфографическая ошибка. | Возможно найдена орфографическая ошибка.
129,4,SUSHI.GOOD,Спайс ролл с креветкой,Пайс ролл с креветкой,,,Pais roll with shrimp,Käşir bilen pais rulony,language-tool:name | Возможно найдена орфографическая ошибка.,"Рис, нори, креветка, огурец, спайс соус, крем сыр 8шт","Рис, норе, креветка, огурец, спас соус, крем сыр 8шт",,,"Rice, nore, shrimp, cucumber, saved sauce, cream cheese 8pcs","Tüwi, burun, gysga, hyýar, tygşytlanan sous, krem ​​peýniri 8pc",language-tool:short_description | Возможно найдена орфографическая ошибка. | Возможно найдена орфографическая ошибка.
130,4,SUSHI.GOOD,"Ролл ""Красный Дракон""","Ролл ""Красный Дракон""",,,"Roll ""Red Dragon""","""Gyzyl aagondarha""",,"Рис, лосось, крабовые палочки, огурец, икра летучей рыбы 8шт","Рис, лосось, крабовые палочки, огурец, икра летучей рыбы 8шт",,,"Rice, salmon, crab sticks, cucumber, flying fish caviar 8pcs","Tüwi, losos, gyrgyç taýaklary, hyýar, uçýan balyk ikri 8pc",
131,4,SUSHI.GOOD,"Ролл ""Зеленый Дракон""","Ролл ""Зеленый Дракон""",,,"Roll ""Green Dragon""","""Greenaşyl aagondarha""",,"Рис, нори, лосось, угорь, авакадо, огурецы, сырный соус 8шт","Рис, норе, лосось, угорь, авокадо, огурец, сырный соус 8шт",,,"Rice, nore, salmon, eel, avocado, cucumber, cheese sauce 8pcs","Tüwi, burun, losos, öküz, awakado, hyýar, peýnir sousy 8 nahar",language-tool:short_description | Возможно найдена орфографическая ошибка. | Возможно найдена орфографическая ошибка. | Возможно найдена орфографическая ошибка.
132,6,L’ULTIMO SPICCHIO PIZZA,C помидорами черри,С помидорами черри,,,With cherry tomatoes,Çerkez pomidorlary bilen,mixed-script,"Тесто для пиццы, красный соус, моцарелла, ароматное масло, микс черри, базилик","Тесто для пиццы, красный соус, моцарелла, ароматное масло, микс черри, базилик",,,"Pizza dough, red sauce, mozzarella, aromatic oil, cherry mix, basil","Pitsa hamyry, gyzyl sous, mozarella, hoşboý ýag, alça garyndysy, reyhan",
133,6,L’ULTIMO SPICCHIO PIZZA,Маргарита,Маргарита,,,Margarita,Margarita,,"Тесто для пиццы, красный соус, моцарелла, базилик, ароматное масло","Тесто для пиццы, красный соус, моцарелла, базилик, ароматное масло",,,"Pizza dough, red sauce, mozzarella, basil, aromatic oil","Pitsa hamyry, gyzyl sous, mozarella, reyhan, ysly ýag",
134,6,L’ULTIMO SPICCHIO PIZZA,Пять сыров,Пять сыров,,,Five cheeses,Bäş peýnir,,"Тесто ддя пиццы, сливочный соус, моцарелла, пармезан, дор блю, чеддер, крем чиз, базилик, ароматное масло","Тесто для пиццы, сливочный соус, моцарелла, пармезан, Дор Лю, чеддер, крем из, базилик, ароматное масло",,,"Pizza dough, cream sauce, mozzarella, parmesan, Dor Liu, cheddar, cream, basil, aromatic oil","Pitsa hamyry, krem ​​sousy, mozarella, parmesan, Dor Liu, kedr, krem, reyhan, ysly ýag",manual:дор блю->Дор Блю | language-tool:short_description | Возможно найдена орфографическая ошибка. | Возможно найдена орфографическая ошибка. | Возможно найдена орфографическая ошибка.
135,6,L’ULTIMO SPICCHIO PIZZA,С грущей и Дор Блю,С грушей и Дор Лю,,,With pear and Dor Liu,Armut we Dor Liu bilen,manual:грущей->грушей | language-tool:name | Возможно найдена орфографическая ошибка.,"Тесто для пиццы, сливочный соус, моцарелла, базилик, груша, дор блю, мёд, грецкий орех, ароматное масло","Тесто для пиццы, сливочный соус, моцарелла, базилик, груша, Дор Лю, мёд, грецкий орех, ароматное масло",,,"Pizza dough, creamy sauce, mozzarella, basil, pear, Dor Liu, honey, walnut, aromatic oil","Pitsa hamyry, kremli sous, mozarella, reyhan, armut, Dor Liu, bal, hoz, hoşboý ýag",manual:дор блю->Дор Блю | language-tool:short_description | Возможно найдена орфографическая ошибка.
136,6,L’ULTIMO SPICCHIO PIZZA,Острая мясная,Острая мясная,,,Spicy meat,Ajy et,,"Тесто для пиццы, говядина, пармезан, моцарелла, лук репчатый, лук зеленый, холопеньо, красный соус, ароматное масло, шрирача","Тесто для пиццы, говядина, пармезан, моцарелла, лук репчатый, лук зеленый, халапеньо, красный соус, ароматное масло, приручу",,,"Pizza dough, beef, parmesan, mozzarella, onion, green onion, jalapeno, red sauce, aromatic oil, tame","Pitsa hamyry, sygyr eti, parmesan, mozarella, sogan, ýaşyl sogan, jalapeno, gyzyl sous, ysly ýag, tame",language-tool:short_description | Возможно найдена орфографическая ошибка. | Возможно найдена орфографическая ошибка.
137,6,L’ULTIMO SPICCHIO PIZZA,Гавайская,Гавайская,,,Hawaiian,Gawaýi,,"Тесто для пиццы, сливочный соус, моцарелла, курица, ветчина, маслины, кукуруза, ананас, ароматное масло","Тесто для пиццы, сливочный соус, моцарелла, курица, ветчина, маслины, кукуруза, ананас, ароматное масло",,,"Pizza dough, cream sauce, mozzarella, chicken, ham, olives, corn, pineapple, aromatic oil","Pitsa hamyry, krem ​​sousy, mozarella, towuk, hamam, zeýtun, mekgejöwen, ananas, ysly ýag",
138,6,L’ULTIMO SPICCHIO PIZZA,Цезарь,Цезарь,,,Caesar,Sezar,,"Тесто для пиццы, сливочный соус, соус цезарь, моцарелла, курица, пармезан, грибы, петрушка, ароматное масло","Тесто для пиццы, сливочный соус, соус цезарь, моцарелла, курица, пармезан, грибы, петрушка, ароматное масло",,,"Pizza dough, cream sauce, Caesar sauce, mozzarella, chicken, Parmesan, mushrooms, parsley, aromatic oil","Pitsa hamyry, krem ​​sousy, Sezar sousy, mozarella, towuk, Parmesan, kömelek, petruşka, hoşboý ýag",
139,6,L’ULTIMO SPICCHIO PIZZA,Вегетарианская,Вегетарианская,,,Vegetarian,Wegetarian,,"Тесто для пиццы, болгарский перец, кабачки, баклажан, шампиньоны, помидоры, моцарелла, красный соус, ароматное масло","Тесто для пиццы, болгарский перец, кабачки, баклажан, шампиньоны, помидоры, моцарелла, красный соус, ароматное масло",,,"Pizza dough, bell pepper, zucchini, eggplant, champignons, tomatoes, mozzarella, red sauce, aromatic oil","Pitsa hamyry, jaň burç, nahar, baklajan, şampan, pomidor, mozarella, gyzyl sous, ysly ýag",
140,6,L’ULTIMO SPICCHIO PIZZA,Мюнхенская,Мюнхенская,,,Munich,Mýunhen,,"Тесто для пиццы, охотничьи колбасы, капченые колбасы, куриные сосиськи, моцарелла, солёные огурецы, лук репчатый, шампиньоны, красный соус, ароматное масло","Тесто для пиццы, охотничьи колбасы, копчённые колбасы, куриные сосиски, моцарелла, солёные огурец, лук репчатый, шампиньоны, красный соус, ароматное масло",,,"Pizza dough, hunting sausages, smoked sausages, chicken sausages, mozzarella, pickles, onions, champignons, red sauce, aromatic oil","Pitsa hamyry, aw kolbasa, kakadylan kolbasa, towuk kolbasa, mozarella, duz, sogan, şampan, gyzyl sous, ysly ýag",language-tool:short_description | Возможно найдена орфографическая ошибка. | Возможно найдена орфографическая ошибка. | Возможно найдена орфографическая ошибка.
141,6,L’ULTIMO SPICCHIO PIZZA,С лососем и крем-сыром,С лососем и крейсером,,,With salmon and cruiser,Sogan we kruizer bilen,language-tool:name | Возможно найдена орфографическая ошибка.,"Тесто для пиццы, лосось, руккола, каперси, микс черри, оливки, сливочный соус, крем чиз, ароматное масло","Тесто для пиццы, лосось, руккола, каперсе, микс черри, оливки, сливочный соус, крем из, ароматное масло",,,"Pizza dough, salmon, arugula, capers, cherry mix, olives, cream sauce, cream, aromatic oil","Pitsa hamyry, losos, arugula, gaplar, alça garyndysy, zeýtun, krem ​​sousy, krem, ysly ýag",language-tool:short_description | Возможно найдена орфографическая ошибка. | Возможно найдена орфографическая ошибка.
142,6,L’ULTIMO SPICCHIO PIZZA,Карбонара,Карбонара,,,Carbonara,Karbonara,,"Тесто для пиццы, бекон, ветчина, шампиньоны, пармезан, моцарелла, лук репчатый, соус сливочный, базилик, ароматное масло","Тесто для пиццы, бекон, ветчина, шампиньоны, пармезан, моцарелла, лук репчатый, соус сливочный, базилик, ароматное масло",,,"Pizza dough, bacon, ham, champignons, parmesan, mozzarella, onion, cream sauce, basil, aromatic oil","Pitsa hamyry, doňuz eti, hamam, şampan, parmesan, mozarella, sogan, krem ​​sousy, reyhan, ysly ýag",
143,6,L’ULTIMO SPICCHIO PIZZA,Мясной микс,Мясной микс,,,Meat mix,Et garyndysy,,"Тесто для пиццы, бекон, ветчина, курица, капчёные колбаса, моцарелла, помидоры, перец сладкий, лук репчатый, красный соус, ароматное масло","Тесто для пиццы, бекон, ветчина, курица, копчённые колбаса, моцарелла, помидоры, перец сладкий, лук репчатый, красный соус, ароматное масло",,,"Pizza dough, bacon, ham, chicken, smoked sausage, mozzarella, tomatoes, sweet peppers, onions, red sauce, aromatic oil","Pitsa hamyry, doňuz eti, hamam, towuk, kakadylan kolbasa, mozarella, pomidor, süýji burç, sogan, gyzyl sous, ysly ýag",language-tool:short_description | Возможно найдена орфографическая ошибка.
144,6,L’ULTIMO SPICCHIO PIZZA,Тирольская,Тирольская,,,Tyrolean,Tirol,,"Тесто для пиццы, курица, бекон, руккола, микс черри, пармезан, моцарелла, маслины, оливки, сливочный соус, ароматное масло","Тесто для пиццы, курица, бекон, руккола, микс черри, пармезан, моцарелла, маслины, оливки, сливочный соус, ароматное масло",,,"Pizza dough, chicken, bacon, arugula, cherry mix, parmesan, mozzarella, olives, cream sauce, aromatic oil","Pitsa hamyry, towuk, doňuz, arugula, alça garyndysy, parmesan, mozarella, zeýtun, krem ​​sousy, ysly ýag",
145,6,L’ULTIMO SPICCHIO PIZZA,"Салат ""Caesar"" курицей","Салат ""Саеsаr"" курицей",,,"Salad ""Caesar"" with chicken","Towuk bilen ""Sezar"" salady",mixed-script,"Курица, капуста пекинская, черри, лист салат, яйца перепелиные, пармезан, сухари, соус цезарь","Курица, капуста пекинская, черри, лист салат, яйца перепелиные, пармезан, сухари, соус цезарь",,,"Chicken, Chinese cabbage, cherry tomatoes, lettuce, quail eggs, Parmesan, croutons, Caesar dressing","Towuk, hytaý kelem, alça pomidor, salat, beden ýumurtgasy, Parmesan, sogan, Sezar geýimi",
146,6,L’ULTIMO SPICCHIO PIZZA,"Салат ""Caesar"" креветками","Салат ""Саеsаr"" креветками",,,"Salad ""Caesar"" with shrimps","Kepjebaş bilen ""Sezar"" salady",mixed-script,"Креветки, капуста пекинская, черри, лист салата, яйцо Перепелиные, пармезан, сухари, соус цезарь","Креветки, капуста пекинская, черри, лист салата, яйцо Перепелиные, пармезан, сухари, соус цезарь",,,"Shrimp, Chinese cabbage, cherry tomatoes, lettuce, quail egg, Parmesan, croutons, Caesar dressing","Käşir, hytaý kelem, alça pomidor, salat, beden ýumurtgasy, Parmesan, sogan, Sezar geýimi",
147,6,L’ULTIMO SPICCHIO PIZZA,"Салат ""Caesar"" тунцом","Салат ""Саеsаr"" тунцом",,,"Salad ""Caesar"" with tuna","Tuna bilen ""Sezar"" salady",mixed-script,"Тунец, капуста пекинская, лист салата, черри, яйцо перепелиные, пармезан, сухари, цезарь соус","Тунец, капуста пекинская, лист салата, черри, яйцо перепелиные, пармезан, сухари, цезарь соус",,,"Tuna, Chinese cabbage, lettuce, cherry tomatoes, quail egg, Parmesan, croutons, Caesar sauce","Tuna, hytaý kelem, salat, alça pomidor, beden ýumurtgasy, Parmesan, sogan, Sezar sousy",
148,6,L’ULTIMO SPICCHIO PIZZA,Томатный суп-пюре,Томатный купюре,,,Tomato bill,Pomidor hasaby,language-tool:name | Возможно найдена орфографическая ошибка.,"Куриный бульон, томат, моцарелла, сухари, ароматное масло","Куриный бульон, томат, моцарелла, сухари, ароматное масло",,,"Chicken broth, tomato, mozzarella, crackers, aromatic oil","Towuk çorbasy, pomidor, mozarella, krakerler, ysly ýag",
150,5,W.oK,Рамэн с курицей,Ромен с курицей,,,Romaine with chicken,Towuk bilen romain,language-tool:name | Возможно найдена орфографическая ошибка.,"Куриный бульон, яйцо, капуста пекинская, лапша, соус соевый, куриное филе, соль, перец","Куриный бульон, яйцо, капуста пекинская, лапша, соус соевый, куриное филе, соль, перец",,,"Chicken broth, egg, Chinese cabbage, noodles, soy sauce, chicken fillet, salt, pepper","Towuk çorbasy, ýumurtga, hytaý kelem, nahar, soýa sousy, towuk filesi, duz, burç",
151,5,W.oK,Суп лагман с говядиной,Суп логман с говядиной,,,Logman soup with beef,Sygyr eti bilen Logman çorbasy,language-tool:name | Возможно найдена орфографическая ошибка.,"Говядина, томат, лапша, овощи свежие, лук репчатый, соль, перец, укроп, петрушка","Говядина, томат, лапша, овощи свежие, лук репчатый, соль, перец, укроп, петрушка",,,"Beef, tomato, noodles, fresh vegetables, onions, salt, pepper, dill, parsley","Sygyr eti, pomidor, nahar, täze gök önümler, sogan, duz, burç, ukrop, petruşka",
152,5,W.oK,Тайский с говядиной,Тайский с говядиной,,,Thai with beef,Sygyr eti bilen taý,,"Говядина, паприка, морковча, фунчоза, помидоры, соус соевый, кунжут, кинза","Говядина, паприка, морковка, финноза, помидоры, соус соевый, кунжут, кинза",,,"Beef, paprika, carrots, finnose, tomatoes, soy sauce, sesame, cilantro","Sygyr eti, paprika, käşir, finnoz, pomidor, soýa sousy, künji, silantro",language-tool:short_description | Возможно найдена орфографическая ошибка. | Возможно найдена орфографическая ошибка.
153,5,W.oK,Огуречный в тайском стиле,Огуречный в тайском стиле,,,Thai style cucumber,Taý stilindäki hyýar,,"Лук зеленый, чеснок, кунжут, соуса, мёд, соль, кунжутное масло, огурцы, переч чили","Лук зеленый, чеснок, кунжут, соуса, мёд, соль, кунжутное масло, огурцы, перед чили",,,"Green onions, garlic, sesame seeds, sauce, honey, salt, sesame oil, cucumbers, before chili","Çiliden öň ýaşyl sogan, sarymsak, künji tohumy, sous, bal, duz, künji ýagy, hyýar",language-tool:short_description | Возможно найдена орфографическая ошибка.
154,5,W.oK,Жареная лапша с курицей,Жареная лапша с курицей,,,Fried noodles with chicken,Towuk bilen gowrulan nahar,,"Курица, лапша, шампиньоны, овощи свежие, лук репчатый, чеснок, имбирь, чили перец, кунжут, кинза","Курица, лапша, шампиньоны, овощи свежие, лук репчатый, чеснок, имбирь, чили перец, кунжут, кинза",,,"Chicken, noodles, champignons, fresh vegetables, onions, garlic, ginger, chili pepper, sesame, cilantro","Towuk, nahar, şampan, täze gök önümler, sogan, sarymsak, zynjyr, çili burç, künji, silantro",
155,5,W.oK,Жареная лапша с креветками,Жареная лапша с креветками,,,Fried noodles with shrimp,Käşir bilen gowrulan nahar,,"Креветки, лапша, шампиньоны, овощи свежие, лук, чеснок, чили перец, имбирь, кунжут, кинза","Креветки, лапша, шампиньоны, овощи свежие, лук, чеснок, чили перец, имбирь, кунжут, кинза",,,"Shrimp, noodles, champignons, fresh vegetables, onion, garlic, chili pepper, ginger, sesame, cilantro","Käşir, nahar, şampan, täze gök önümler, sogan, sarymsak, çili burç, zynjyr, künji, silantro",
156,5,W.oK,Жареная лапша с морепродуктами,Жареная лапша с морепродуктами,,,Fried noodles with seafood,Deňiz önümleri bilen gowrulan naharlar,,"Микс морепродукты, лапша, шампиньоны, овощи свежие, лук, чеснок, чили перец, имбирь, кунжут, кинза","Микс морепродукты, лапша, шампиньоны, овощи свежие, лук, чеснок, чили перец, имбирь, кунжут, кинза",,,"Mix of seafood, noodles, champignons, fresh vegetables, onion, garlic, chili pepper, ginger, sesame, cilantro","Deňiz önümlerini, naharlary, şampanlary, täze gök önümleri, sogan, sarymsak, çili burç, zynjyr, künji, silantronyň garyndysy;",
157,5,W.oK,Жареная лапша с телятиной,Жареная лапша с телятиной,,,Fried noodles with veal,Düwürtikli gowrulan naharlar,,"Говядина, лапша, шампиньоны, овощи свежие, лук, чеснок, чили перец, имбирь, кунжут, кинза","Говядина, лапша, шампиньоны, овощи свежие, лук, чеснок, чили перец, имбирь, кунжут, кинза",,,"Beef, noodles, champignons, fresh vegetables, onion, garlic, chili pepper, ginger, sesame, cilantro","Sygyr eti, nahar, şampan, täze gök önümler, sogan, sarymsak, çili burç, zynjyr, künji, silantro",
158,5,W.oK,Жареная лапша с овощами,Жареная лапша с овощами,,,Fried noodles with vegetables,Gök önümler bilen gowrulan nahar,,"Лапша, шампиньоны, овощи свежие, лук, чеснок, стручковый перец, имбирь, кунжут, кинза","Лапша, шампиньоны, овощи свежие, лук, чеснок, стручковый перец, имбирь, кунжут, кинза",,,"Noodles, champignons, fresh vegetables, onion, garlic, capsicum, ginger, sesame, cilantro","Nahar, şampan, täze gök önümler, sogan, sarymsak, kapsikum, zynjyr, künji, silantro",
159,5,W.oK,Жаренный рис с овощами,Жареный рис с овощами,,,Fried rice with vegetables,Gök önümler bilen gowrulan tüwi,manual:Жаренный->Жареный,"Рис, шампиньоны, овощи свежие, лук, чеснок, чили перец, имбирь, кунжут, кинза","Рис, шампиньоны, овощи свежие, лук, чеснок, чили перец, имбирь, кунжут, кинза",,,"Rice, champignons, fresh vegetables, onion, garlic, chili pepper, ginger, sesame, cilantro","Tüwi, şampan, täze gök önümler, sogan, sarymsak, çili burç, zynjyr, künji, silantro",
160,5,W.oK,Жаренный рис с телятиной,Жареный рис с телятиной,,,Fried rice with veal,Bişen tüwi,manual:Жаренный->Жареный,"Говядина, рис, паприка, грибы, лук, чеснок, стручковый перец, имбирь, кунжут, кинза","Говядина, рис, паприка, грибы, лук, чеснок, стручковый перец, имбирь, кунжут, кинза",,,"Beef, rice, paprika, mushrooms, onions, garlic, capsicum, ginger, sesame, cilantro","Sygyr eti, tüwi, paprika, kömelek, sogan, sarymsak, kapsikum, zynjyr, künji, silantro",
161,5,W.oK,Жаренный рис с курицей,Жареный рис с курицей,,,Fried rice with chicken,Towuk bilen gowrulan tüwi,manual:Жаренный->Жареный,"Курица, рис, шампиньоны, овощи свежие, лук, чеснок, чили перец, имбирь, кунжут, кинза","Курица, рис, шампиньоны, овощи свежие, лук, чеснок, чили перец, имбирь, кунжут, кинза",,,"Chicken, rice, champignons, fresh vegetables, onion, garlic, chili pepper, ginger, sesame, cilantro","Towuk, tüwi, şampan, täze gök önümler, sogan, sarymsak, çili burç, zynjyr, künji, silantro",
162,5,W.oK,Жаренный рис с креветкой,Жареный рис с креветкой,,,Fried rice with shrimp,Käşir bilen gowrulan tüwi,manual:Жаренный->Жареный,"Креветки, рис, шампиньоны, паприка, лук, чеснок, перец чили, имбирь, кунжут, кинза","Креветки, рис, шампиньоны, паприка, лук, чеснок, перец чили, имбирь, кунжут, кинза",,,"Shrimp, rice, champignons, paprika, onion, garlic, chili pepper, ginger, sesame, cilantro","Käşir, tüwi, şampan, paprika, sogan, sarymsak, çili burç, zynjyr, künji, silantro",
163,5,W.oK,Жаренный рис с морепродуктами,Жареный рис с морепродуктами,,,Fried rice with seafood,Deňiz önümleri bilen gowrulan tüwi,manual:Жаренный->Жареный,"Микс морепродукты, рис, шампиньоны, овощи свежие, лук, чеснок, чили перец, имбирь, кунжут, кинза","Микс морепродукты, рис, шампиньоны, овощи свежие, лук, чеснок, чили перец, имбирь, кунжут, кинза",,,"Mix seafood, rice, champignons, fresh vegetables, onion, garlic, chili pepper, ginger, sesame, cilantro","Deňiz önümlerini, tüwi, şampan, täze gök önümleri, sogan, sarymsak, çili burç, zynjyr, künji, silantrony garmaly;",
164,6,L’ULTIMO SPICCHIO PIZZA,Куриный крем суп со сливками,Куриный крем суп со сливками,,,Chicken cream soup with cream,Krem bilen towuk krem ​​çorbasy,,"Куриный бульон, курица, овощи свежие, сливки, укроп","Куриный бульон, курица, овощи свежие, сливки, укроп",,,"Chicken broth, chicken, fresh vegetables, cream, dill","Towuk çorbasy, towuk, täze gök önümler, krem, ukrop",
